timestamp,csv_file,walking_type,phone_position,age,gender,device,steps_counted
2025-09-24T14:21:16.915Z,"057c65dd-3061-44f6-b8f3-30f00f6ac8db_1758718072570_PLAIN_WALKING_HAND_21_MALE_Xiaomi_M2003J15SC.csv","plain walking","hand","21","male","xiaomi m2003j15sc",59
2025-09-24T14:22:04.886Z,"057c65dd-3061-44f6-b8f3-30f00f6ac8db_1758718193841_RUNNING_HAND_21_MALE_Xiaomi_M2003J15SC.csv","running","hand","21","male","xiaomi m2003j15sc",57
2025-09-24T14:23:21.899Z,"057c65dd-3061-44f6-b8f3-30f00f6ac8db_1758718235092_IRREGULAR_STEPS_HAND_21_MALE_Xiaomi_M2003J15SC.csv","irregular steps","hand","21","male","xiaomi m2003j15sc",73
2025-09-24T14:24:20.633Z,"057c65dd-3061-44f6-b8f3-30f00f6ac8db_1758718311249_BABY_STEPS_HAND_21_MALE_Xiaomi_M2003J15SC.csv","baby steps","hand","21","male","xiaomi m2003j15sc",60
2025-09-24T14:26:30.055Z,"057c65dd-3061-44f6-b8f3-30f00f6ac8db_1758718385675_UPHILL_WALKING_HAND_21_MALE_Xiaomi_M2003J15SC.csv","uphill walking","hand","21","male","xiaomi m2003j15sc",60
2025-09-24T14:27:38.068Z,"057c65dd-3061-44f6-b8f3-30f00f6ac8db_1758718430252_DOWNHILL_WALKING_HAND_21_MALE_Xiaomi_M2003J15SC.csv","downhill walking","hand","21","male","xiaomi m2003j15sc",53
2025-09-24T14:29:22.184Z,"057c65dd-3061-44f6-b8f3-30f00f6ac8db_1758718532245_UPHILL_WALKING_SHOULDER_21_MALE_Xiaomi_M2003J15SC.csv","uphill walking","shoulder","21","male","xiaomi m2003j15sc",87
2025-09-24T14:30:45.118Z,"057c65dd-3061-44f6-b8f3-30f00f6ac8db_1758718654825_DOWNHILL_WALKING_SHOULDER_21_MALE_Xiaomi_M2003J15SC.csv","downhill walking","shoulder","21","male","xiaomi m2003j15sc",56
2025-09-24T14:31:56.665Z,"057c65dd-3061-44f6-b8f3-30f00f6ac8db_1758718783797_PLAIN_WALKING_SHOULDER_21_MALE_Xiaomi_M2003J15SC.csv","plain walking","shoulder","21","male","xiaomi m2003j15sc",62
2025-09-24T14:33:15.858Z,"057c65dd-3061-44f6-b8f3-30f00f6ac8db_1758718918841_RUNNING_SHOULDER_21_MALE_Xiaomi_M2003J15SC.csv","running","shoulder","21","male","xiaomi m2003j15sc",57
2025-09-24T14:34:25.696Z,"057c65dd-3061-44f6-b8f3-30f00f6ac8db_1758718985896_IRREGULAR_STEPS_SHOULDER_21_MALE_Xiaomi_M2003J15SC.csv","irregular steps","shoulder","21","male","xiaomi m2003j15sc",60
2025-09-24T14:35:33.408Z,"057c65dd-3061-44f6-b8f3-30f00f6ac8db_1758719044061_BABY_STEPS_SHOULDER_21_MALE_Xiaomi_M2003J15SC.csv","baby steps","shoulder","21","male","xiaomi m2003j15sc",53
2025-09-24T14:36:36.842Z,"057c65dd-3061-44f6-b8f3-30f00f6ac8db_1758719250660_PLAIN_WALKING_POCKET_21_MALE_Xiaomi_M2003J15SC.csv","plain walking","pocket","21","male","xiaomi m2003j15sc",91
2025-09-24T14:37:31.590Z,"057c65dd-3061-44f6-b8f3-30f00f6ac8db_1758719298412_RUNNING_POCKET_21_MALE_Xiaomi_M2003J15SC.csv","running","pocket","21","male","xiaomi m2003j15sc",74
2025-09-24T14:38:41.013Z,"057c65dd-3061-44f6-b8f3-30f00f6ac8db_1758719350612_IRREGULAR_STEPS_POCKET_21_MALE_Xiaomi_M2003J15SC.csv","irregular steps","pocket","21","male","xiaomi m2003j15sc",83
2025-09-24T14:40:20.273Z,"057c65dd-3061-44f6-b8f3-30f00f6ac8db_1758719400440_BABY_STEPS_POCKET_21_MALE_Xiaomi_M2003J15SC.csv","baby steps","pocket","21","male","xiaomi m2003j15sc",81
2025-09-24T14:41:34.662Z,"057c65dd-3061-44f6-b8f3-30f00f6ac8db_1758719485246_UPHILL_WALKING_POCKET_21_MALE_Xiaomi_M2003J15SC.csv","uphill walking","pocket","21","male","xiaomi m2003j15sc",85
2025-09-24T14:42:44.863Z,"057c65dd-3061-44f6-b8f3-30f00f6ac8db_1758719533716_DOWNHILL_WALKING_POCKET_21_MALE_Xiaomi_M2003J15SC.csv","downhill walking","pocket","21","male","xiaomi m2003j15sc",90
2025-09-24T14:43:42.802Z,"057c65dd-3061-44f6-b8f3-30f00f6ac8db_1758719939167_PLAIN_WALKING_HAND_22_MALE_Xiaomi_M2003J15SC.csv","plain walking","hand","22","male","xiaomi m2003j15sc",74
2025-09-24T14:44:26.997Z,"057c65dd-3061-44f6-b8f3-30f00f6ac8db_1758719987929_RUNNING_HAND_22_MALE_Xiaomi_M2003J15SC.csv","running","hand","22","male","xiaomi m2003j15sc",57
2025-09-24T14:45:26.638Z,"057c65dd-3061-44f6-b8f3-30f00f6ac8db_1758720021713_IRREGULAR_STEPS_HAND_22_MALE_Xiaomi_M2003J15SC.csv","irregular steps","hand","22","male","xiaomi m2003j15sc",59
2025-09-24T14:46:18.810Z,"057c65dd-3061-44f6-b8f3-30f00f6ac8db_1758720062879_BABY_STEPS_HAND_22_MALE_Xiaomi_M2003J15SC.csv","baby steps","hand","22","male","xiaomi m2003j15sc",54
2025-09-24T14:47:17.976Z,"057c65dd-3061-44f6-b8f3-30f00f6ac8db_1758720113027_UPHILL_WALKING_HAND_22_MALE_Xiaomi_M2003J15SC.csv","uphill walking","hand","22","male","xiaomi m2003j15sc",59
2025-09-24T14:48:24.755Z,"057c65dd-3061-44f6-b8f3-30f00f6ac8db_1758720150713_DOWNHILL_WALKING_HAND_22_MALE_Xiaomi_M2003J15SC.csv","downhill walking","hand","22","male","xiaomi m2003j15sc",82
2025-09-24T14:49:36.509Z,"057c65dd-3061-44f6-b8f3-30f00f6ac8db_1758720286111_PLAIN_WALKING_POCKET_22_MALE_Xiaomi_M2003J15SC.csv","plain walking","pocket","22","male","xiaomi m2003j15sc",86
2025-09-24T14:50:54.820Z,"057c65dd-3061-44f6-b8f3-30f00f6ac8db_1758720333808_RUNNING_POCKET_22_MALE_Xiaomi_M2003J15SC.csv","running","pocket","22","male","xiaomi m2003j15sc",82
2025-09-24T14:52:02.937Z,"057c65dd-3061-44f6-b8f3-30f00f6ac8db_1758720374849_IRREGULAR_STEPS_POCKET_22_MALE_Xiaomi_M2003J15SC.csv","irregular steps","pocket","22","male","xiaomi m2003j15sc",88
2025-09-24T14:54:44.055Z,"057c65dd-3061-44f6-b8f3-30f00f6ac8db_1758720426606_BABY_STEPS_POCKET_22_MALE_Xiaomi_M2003J15SC.csv","baby steps","pocket","22","male","xiaomi m2003j15sc",76
2025-09-24T14:55:59.366Z,"057c65dd-3061-44f6-b8f3-30f00f6ac8db_1758720469269_UPHILL_WALKING_POCKET_22_MALE_Xiaomi_M2003J15SC.csv","uphill walking","pocket","22","male","xiaomi m2003j15sc",54
2025-09-24T14:58:21.353Z,"057c65dd-3061-44f6-b8f3-30f00f6ac8db_1758720525559_DOWNHILL_WALKING_POCKET_22_MALE_Xiaomi_M2003J15SC.csv","downhill walking","pocket","22","male","xiaomi m2003j15sc",64
2025-09-24T15:02:22.585Z,"057c65dd-3061-44f6-b8f3-30f00f6ac8db_1758720713101_UPHILL_WALKING_SHOULDER_22_MALE_Xiaomi_M2003J15SC.csv","uphill walking","shoulder","22","male","xiaomi m2003j15sc",44
2025-09-24T15:10:16.995Z,"057c65dd-3061-44f6-b8f3-30f00f6ac8db_1758720780806_DOWNHILL_WALKING_SHOULDER_22_MALE_Xiaomi_M2003J15SC.csv","downhill walking","shoulder","22","male","xiaomi m2003j15sc",37
2025-09-24T15:12:02.600Z,"057c65dd-3061-44f6-b8f3-30f00f6ac8db_1758720839254_PLAIN_WALKING_SHOULDER_22_MALE_Xiaomi_M2003J15SC.csv","plain walking","shoulder","22","male","xiaomi m2003j15sc",50
2025-09-24T15:12:53.391Z,"057c65dd-3061-44f6-b8f3-30f00f6ac8db_1758720887880_RUNNING_SHOULDER_22_MALE_Xiaomi_M2003J15SC.csv","running","shoulder","22","male","xiaomi m2003j15sc",52
2025-09-24T15:13:54.153Z,"057c65dd-3061-44f6-b8f3-30f00f6ac8db_1758720926443_IRREGULAR_STEPS_SHOULDER_22_MALE_Xiaomi_M2003J15SC.csv","irregular steps","shoulder","22","male","xiaomi m2003j15sc",49
2025-09-24T15:15:03.155Z,"057c65dd-3061-44f6-b8f3-30f00f6ac8db_1758720975666_BABY_STEPS_SHOULDER_22_MALE_Xiaomi_M2003J15SC.csv","baby steps","shoulder","22","male","xiaomi m2003j15sc",49
2025-09-24T15:16:05.605Z,"f7f572fe-eb11-4f7e-a514-dc7812bd8998_1758718074918_PLAIN_WALKING_HAND_22_MALE_motorola_motorola edge 50 fusion.csv","plain walking","hand","22","male","motorola motorola edge 50 fusion",50
2025-09-24T15:17:01.677Z,"f7f572fe-eb11-4f7e-a514-dc7812bd8998_1758718195781_RUNNING_HAND_22_MALE_motorola_motorola edge 50 fusion.csv","running","hand","22","male","motorola motorola edge 50 fusion",42
2025-09-24T15:18:06.289Z,"f7f572fe-eb11-4f7e-a514-dc7812bd8998_1758718234447_IRREGULAR_STEPS_HAND_22_MALE_motorola_motorola edge 50 fusion.csv","irregular steps","hand","22","male","motorola motorola edge 50 fusion",62
2025-09-24T15:19:03.195Z,"f7f572fe-eb11-4f7e-a514-dc7812bd8998_1758718313358_BABY_STEPS_HAND_22_MALE_motorola_motorola edge 50 fusion.csv","baby steps","hand","22","male","motorola motorola edge 50 fusion",53
2025-09-24T15:20:04.211Z,"f7f572fe-eb11-4f7e-a514-dc7812bd8998_1758718385906_UPHILL_WALKING_HAND_22_MALE_motorola_motorola edge 50 fusion.csv","uphill walking","hand","22","male","motorola motorola edge 50 fusion",54
2025-09-24T15:21:04.254Z,"f7f572fe-eb11-4f7e-a514-dc7812bd8998_1758718432277_DOWNHILL_WALKING_HAND_22_MALE_motorola_motorola edge 50 fusion.csv","downhill walking","hand","22","male","motorola motorola edge 50 fusion",54
2025-09-24T15:22:09.722Z,"f7f572fe-eb11-4f7e-a514-dc7812bd8998_1758718562626_UPHILL_WALKING_POCKET_22_MALE_motorola_motorola edge 50 fusion.csv","uphill walking","pocket","22","male","motorola motorola edge 50 fusion",73
2025-09-24T15:24:28.478Z,"f7f572fe-eb11-4f7e-a514-dc7812bd8998_1758718657221_DOWNHILL_WALKING_POCKET_22_MALE_motorola_motorola edge 50 fusion.csv","downhill walking","pocket","22","male","motorola motorola edge 50 fusion",73
2025-09-24T15:25:27.098Z,"f7f572fe-eb11-4f7e-a514-dc7812bd8998_1758718793819_PLAIN_WALKING_POCKET_22_MALE_motorola_motorola edge 50 fusion.csv","plain walking","pocket","22","male","motorola motorola edge 50 fusion",63
2025-09-24T15:26:22.614Z,"f7f572fe-eb11-4f7e-a514-dc7812bd8998_1758718925885_RUNNING_POCKET_22_MALE_motorola_motorola edge 50 fusion.csv","running","pocket","22","male","motorola motorola edge 50 fusion",54
2025-09-24T15:27:15.360Z,"f7f572fe-eb11-4f7e-a514-dc7812bd8998_1758718987152_IRREGULAR_STEPS_POCKET_22_MALE_motorola_motorola edge 50 fusion.csv","irregular steps","pocket","22","male","motorola motorola edge 50 fusion",65
2025-09-24T15:28:20.289Z,"f7f572fe-eb11-4f7e-a514-dc7812bd8998_1758719045001_BABY_STEPS_POCKET_22_MALE_motorola_motorola edge 50 fusion.csv","baby steps","pocket","22","male","motorola motorola edge 50 fusion",74
2025-09-24T15:30:06.002Z,"f7f572fe-eb11-4f7e-a514-dc7812bd8998_1758719214092_PLAIN_WALKING_SHOULDER_22_MALE_motorola_motorola edge 50 fusion.csv","plain walking","shoulder","22","male","motorola motorola edge 50 fusion",54
2025-09-24T15:30:54.377Z,"f7f572fe-eb11-4f7e-a514-dc7812bd8998_1758719300366_RUNNING_SHOULDER_22_MALE_motorola_motorola edge 50 fusion.csv","running","shoulder","22","male","motorola motorola edge 50 fusion",51
2025-09-24T15:31:54.099Z,"f7f572fe-eb11-4f7e-a514-dc7812bd8998_1758719352494_IRREGULAR_STEPS_SHOULDER_22_MALE_motorola_motorola edge 50 fusion.csv","irregular steps","shoulder","22","male","motorola motorola edge 50 fusion",50
2025-09-24T15:33:47.083Z,"f7f572fe-eb11-4f7e-a514-dc7812bd8998_1758719404364_BABY_STEPS_SHOULDER_22_MALE_motorola_motorola edge 50 fusion.csv","baby steps","shoulder","22","male","motorola motorola edge 50 fusion",36
2025-09-24T15:35:43.039Z,"f7f572fe-eb11-4f7e-a514-dc7812bd8998_1758719492368_UPHILL_WALKING_SHOULDER_22_MALE_motorola_motorola edge 50 fusion.csv","uphill walking","shoulder","22","male","motorola motorola edge 50 fusion",19
2025-09-24T15:37:59.032Z,"f7f572fe-eb11-4f7e-a514-dc7812bd8998_1758719536424_DOWNHILL_WALKING_SHOULDER_22_MALE_motorola_motorola edge 50 fusion.csv","downhill walking","shoulder","22","male","motorola motorola edge 50 fusion",55
2025-09-24T15:38:50.399Z,"f7f572fe-eb11-4f7e-a514-dc7812bd8998_1758719940398_PLAIN_WALKING_HAND_21_MALE_motorola_motorola edge 50 fusion.csv","plain walking","hand","21","male","motorola motorola edge 50 fusion",41
2025-09-24T15:39:31.173Z,"f7f572fe-eb11-4f7e-a514-dc7812bd8998_1758719987944_RUNNING_HAND_21_MALE_motorola_motorola edge 50 fusion.csv","running","hand","21","male","motorola motorola edge 50 fusion",50
2025-09-24T15:40:27.825Z,"f7f572fe-eb11-4f7e-a514-dc7812bd8998_1758720023256_IRREGULAR_STEPS_HAND_21_MALE_motorola_motorola edge 50 fusion.csv","irregular steps","hand","21","male","motorola motorola edge 50 fusion",60
2025-09-24T15:41:52.970Z,"f7f572fe-eb11-4f7e-a514-dc7812bd8998_1758720062584_BABY_STEPS_HAND_21_MALE_motorola_motorola edge 50 fusion.csv","baby steps","hand","21","male","motorola motorola edge 50 fusion",37
2025-09-24T15:42:44.765Z,"f7f572fe-eb11-4f7e-a514-dc7812bd8998_1758720111889_UPHILL_WALKING_HAND_21_MALE_motorola_motorola edge 50 fusion.csv","uphill walking","hand","21","male","motorola motorola edge 50 fusion",52
2025-09-24T15:43:36.311Z,"f7f572fe-eb11-4f7e-a514-dc7812bd8998_1758720153534_DOWNHILL_WALKING_HAND_21_MALE_motorola_motorola edge 50 fusion.csv","downhill walking","hand","21","male","motorola motorola edge 50 fusion",53
2025-09-24T15:44:38.256Z,"f7f572fe-eb11-4f7e-a514-dc7812bd8998_1758720284063_PLAIN_WALKING_SHOULDER_21_MALE_motorola_motorola edge 50 fusion.csv","plain walking","shoulder","21","male","motorola motorola edge 50 fusion",49
2025-09-24T15:45:31.203Z,"f7f572fe-eb11-4f7e-a514-dc7812bd8998_1758720336169_RUNNING_SHOULDER_21_MALE_motorola_motorola edge 50 fusion.csv","running","shoulder","21","male","motorola motorola edge 50 fusion",51
2025-09-24T15:46:29.034Z,"f7f572fe-eb11-4f7e-a514-dc7812bd8998_1758720378047_IRREGULAR_STEPS_SHOULDER_21_MALE_motorola_motorola edge 50 fusion.csv","irregular steps","shoulder","21","male","motorola motorola edge 50 fusion",48
2025-09-24T15:47:30.829Z,"f7f572fe-eb11-4f7e-a514-dc7812bd8998_1758720429109_BABY_STEPS_SHOULDER_21_MALE_motorola_motorola edge 50 fusion.csv","baby steps","shoulder","21","male","motorola motorola edge 50 fusion",48
2025-09-24T15:49:19.042Z,"f7f572fe-eb11-4f7e-a514-dc7812bd8998_1758720475248_UPHILL_WALKING_SHOULDER_21_MALE_motorola_motorola edge 50 fusion.csv","uphill walking","shoulder","21","male","motorola motorola edge 50 fusion",47
2025-09-24T15:50:14.070Z,"f7f572fe-eb11-4f7e-a514-dc7812bd8998_1758720550465_DOWNHILL_WALKING_SHOULDER_21_MALE_motorola_motorola edge 50 fusion.csv","downhill walking","shoulder","21","male","motorola motorola edge 50 fusion",52
2025-09-24T15:51:20.762Z,"f7f572fe-eb11-4f7e-a514-dc7812bd8998_1758720719734_UPHILL_WALKING_POCKET_21_MALE_motorola_motorola edge 50 fusion.csv","uphill walking","pocket","21","male","motorola motorola edge 50 fusion",61
2025-09-24T15:52:19.633Z,"f7f572fe-eb11-4f7e-a514-dc7812bd8998_1758720783013_DOWNHILL_WALKING_POCKET_21_MALE_motorola_motorola edge 50 fusion.csv","downhill walking","pocket","21","male","motorola motorola edge 50 fusion",57
2025-09-24T15:53:27.874Z,"f7f572fe-eb11-4f7e-a514-dc7812bd8998_1758720840670_PLAIN_WALKING_POCKET_21_MALE_motorola_motorola edge 50 fusion.csv","plain walking","pocket","21","male","motorola motorola edge 50 fusion",71
2025-09-24T15:55:00.558Z,"f7f572fe-eb11-4f7e-a514-dc7812bd8998_1758720887096_RUNNING_POCKET_21_MALE_motorola_motorola edge 50 fusion.csv","running","pocket","21","male","motorola motorola edge 50 fusion",55
2025-09-24T15:55:53.598Z,"f7f572fe-eb11-4f7e-a514-dc7812bd8998_1758720928598_IRREGULAR_STEPS_POCKET_21_MALE_motorola_motorola edge 50 fusion.csv","irregular steps","pocket","21","male","motorola motorola edge 50 fusion",72
2025-09-24T15:56:58.133Z,"f7f572fe-eb11-4f7e-a514-dc7812bd8998_1758720977838_BABY_STEPS_POCKET_21_MALE_motorola_motorola edge 50 fusion.csv","baby steps","pocket","21","male","motorola motorola edge 50 fusion",64
2025-09-28T09:11:16.069Z,"057c65dd-3061-44f6-b8f3-30f00f6ac8db_1758902231595_PLAIN_WALKING_SHOULDER_22_MALE_Xiaomi_M2003J15SC.csv","plain walking","shoulder","22","male","xiaomi m2003j15sc",53
2025-09-28T09:12:43.709Z,"057c65dd-3061-44f6-b8f3-30f00f6ac8db_1758902270202_RUNNING_SHOULDER_22_MALE_Xiaomi_M2003J15SC.csv","running","shoulder","22","male","xiaomi m2003j15sc",59
2025-09-28T09:14:33.192Z,"057c65dd-3061-44f6-b8f3-30f00f6ac8db_1758902303974_IRREGULAR_STEPS_SHOULDER_22_MALE_Xiaomi_M2003J15SC.csv","irregular steps","shoulder","22","male","xiaomi m2003j15sc",60
2025-09-28T09:16:14.951Z,"057c65dd-3061-44f6-b8f3-30f00f6ac8db_1758902344193_BABY_STEPS_SHOULDER_22_MALE_Xiaomi_M2003J15SC.csv","baby steps","shoulder","22","male","xiaomi m2003j15sc",56
2025-09-28T09:17:02.472Z,"057c65dd-3061-44f6-b8f3-30f00f6ac8db_1758902393403_UPHILL_WALKING_SHOULDER_22_MALE_Xiaomi_M2003J15SC.csv","uphill walking","shoulder","22","male","xiaomi m2003j15sc",54
2025-09-28T09:18:11.897Z,"057c65dd-3061-44f6-b8f3-30f00f6ac8db_1758902433226_DOWNHILL_WALKING_SHOULDER_22_MALE_Xiaomi_M2003J15SC.csv","downhill walking","shoulder","22","male","xiaomi m2003j15sc",45
2025-09-28T09:19:05.202Z,"057c65dd-3061-44f6-b8f3-30f00f6ac8db_1758902504344_PLAIN_WALKING_POCKET_22_MALE_Xiaomi_M2003J15SC.csv","plain walking","pocket","22","male","xiaomi m2003j15sc",60
2025-09-28T09:22:12.798Z,"057c65dd-3061-44f6-b8f3-30f00f6ac8db_1758902554563_RUNNING_POCKET_22_MALE_Xiaomi_M2003J15SC.csv","running","pocket","22","male","xiaomi m2003j15sc",70
2025-09-28T09:24:08.578Z,"057c65dd-3061-44f6-b8f3-30f00f6ac8db_1758902591468_IRREGULAR_STEPS_POCKET_22_MALE_Xiaomi_M2003J15SC.csv","irregular steps","pocket","22","male","xiaomi m2003j15sc",76
2025-09-28T09:25:37.506Z,"057c65dd-3061-44f6-b8f3-30f00f6ac8db_1758902637065_BABY_STEPS_POCKET_22_MALE_Xiaomi_M2003J15SC.csv","baby steps","pocket","22","male","xiaomi m2003j15sc",64
2025-09-28T09:26:41.282Z,"057c65dd-3061-44f6-b8f3-30f00f6ac8db_1758902737214_UPHILL_WALKING_POCKET_22_MALE_Xiaomi_M2003J15SC.csv","uphill walking","pocket","22","male","xiaomi m2003j15sc",62
2025-09-28T09:27:27.390Z,"057c65dd-3061-44f6-b8f3-30f00f6ac8db_1758902781283_DOWNHILL_WALKING_POCKET_22_MALE_Xiaomi_M2003J15SC.csv","downhill walking","pocket","22","male","xiaomi m2003j15sc",53
2025-09-28T09:28:39.172Z,"057c65dd-3061-44f6-b8f3-30f00f6ac8db_1758902886755_PLAIN_WALKING_SHOULDER_22_MALE_Xiaomi_M2003J15SC.csv","plain walking","shoulder","22","male","xiaomi m2003j15sc",53
2025-09-28T09:29:48.753Z,"057c65dd-3061-44f6-b8f3-30f00f6ac8db_1758902948701_UPHILL_WALKING_SHOULDER_22_MALE_Xiaomi_M2003J15SC.csv","uphill walking","shoulder","22","male","xiaomi m2003j15sc",50
2025-09-28T09:30:40.384Z,"057c65dd-3061-44f6-b8f3-30f00f6ac8db_1758902990551_DOWNHILL_WALKING_SHOULDER_22_MALE_Xiaomi_M2003J15SC.csv","downhill walking","shoulder","22","male","xiaomi m2003j15sc",27
2025-09-28T09:31:31.899Z,"057c65dd-3061-44f6-b8f3-30f00f6ac8db_1758903028074_BABY_STEPS_SHOULDER_22_MALE_Xiaomi_M2003J15SC.csv","baby steps","shoulder","22","male","xiaomi m2003j15sc",18
2025-09-28T09:32:24.644Z,"057c65dd-3061-44f6-b8f3-30f00f6ac8db_1758903068737_IRREGULAR_STEPS_SHOULDER_22_MALE_Xiaomi_M2003J15SC.csv","irregular steps","shoulder","22","male","xiaomi m2003j15sc",53
2025-09-28T09:33:10.404Z,"057c65dd-3061-44f6-b8f3-30f00f6ac8db_1758903110287_RUNNING_SHOULDER_22_MALE_Xiaomi_M2003J15SC.csv","running","shoulder","22","male","xiaomi m2003j15sc",54
2025-09-28T09:34:04.316Z,"08372784-2680-4eb7-ad25-be181de1bfc8_1758902230673_PLAIN_WALKING_HAND_22_MALE_samsung_SM-A505FN.csv","plain walking","hand","22","male","samsung sm-a505fn",45
2025-09-28T09:34:49.838Z,"08372784-2680-4eb7-ad25-be181de1bfc8_1758902279864_RUNNING_HAND_22_MALE_samsung_SM-A505FN.csv","running","hand","22","male","samsung sm-a505fn",48
2025-09-28T09:35:36.220Z,"08372784-2680-4eb7-ad25-be181de1bfc8_1758902311479_IRREGULAR_STEPS_HAND_22_MALE_samsung_SM-A505FN.csv","irregular steps","hand","22","male","samsung sm-a505fn",43
2025-09-28T09:36:46.721Z,"08372784-2680-4eb7-ad25-be181de1bfc8_1758902348596_BABY_STEPS_HAND_22_MALE_samsung_SM-A505FN.csv","baby steps","hand","22","male","samsung sm-a505fn",51
2025-09-28T09:37:50.459Z,"08372784-2680-4eb7-ad25-be181de1bfc8_1758902422640_UPHILL_WALKING_HAND_22_MALE_samsung_SM-A505FN.csv","uphill walking","hand","22","male","samsung sm-a505fn",53
2025-09-28T09:39:20.653Z,"08372784-2680-4eb7-ad25-be181de1bfc8_1758902470145_DOWNHILL_WALKING_HAND_22_MALE_samsung_SM-A505FN.csv","downhill walking","hand","22","male","samsung sm-a505fn",56
2025-09-28T09:40:11.381Z,"08372784-2680-4eb7-ad25-be181de1bfc8_1758902536988_PLAIN_WALKING_POCKET_22_MALE_samsung_SM-A505FN.csv","plain walking","pocket","22","male","samsung sm-a505fn",56
2025-09-28T09:41:35.083Z,"08372784-2680-4eb7-ad25-be181de1bfc8_1758902583482_BABY_STEPS_POCKET_22_MALE_samsung_SM-A505FN.csv","baby steps","pocket","22","male","samsung sm-a505fn",57
2025-09-28T09:44:04.357Z,"08372784-2680-4eb7-ad25-be181de1bfc8_1758902625090_IRREGULAR_STEPS_POCKET_22_MALE_samsung_SM-A505FN.csv","irregular steps","pocket","22","male","samsung sm-a505fn",63
2025-09-28T09:44:47.700Z,"08372784-2680-4eb7-ad25-be181de1bfc8_1758902707074_RUNNING_POCKET_22_MALE_samsung_SM-A505FN.csv","running","pocket","22","male","samsung sm-a505fn",60
2025-09-28T09:45:58.237Z,"08372784-2680-4eb7-ad25-be181de1bfc8_1758902750253_UPHILL_WALKING_POCKET_22_MALE_samsung_SM-A505FN.csv","uphill walking","pocket","22","male","samsung sm-a505fn",67
2025-09-28T09:48:23.347Z,"08372784-2680-4eb7-ad25-be181de1bfc8_1758902799912_DOWNHILL_WALKING_POCKET_22_MALE_samsung_SM-A505FN.csv","downhill walking","pocket","22","male","samsung sm-a505fn",68
2025-09-28T09:49:28.766Z,"08372784-2680-4eb7-ad25-be181de1bfc8_1758903182147_PLAIN_WALKING_SHOULDER_22_MALE_samsung_SM-A505FN.csv","plain walking","shoulder","22","male","samsung sm-a505fn",11
2025-09-28T09:51:38.894Z,"08372784-2680-4eb7-ad25-be181de1bfc8_1758903239713_BABY_STEPS_SHOULDER_22_MALE_samsung_SM-A505FN.csv","baby steps","shoulder","22","male","samsung sm-a505fn",2
2025-09-28T09:52:33.846Z,"08372784-2680-4eb7-ad25-be181de1bfc8_1758903284459_IRREGULAR_STEPS_SHOULDER_22_MALE_samsung_SM-A505FN.csv","irregular steps","shoulder","22","male","samsung sm-a505fn",50
2025-09-28T09:53:14.721Z,"08372784-2680-4eb7-ad25-be181de1bfc8_1758903327935_RUNNING_SHOULDER_22_MALE_samsung_SM-A505FN.csv","running","shoulder","22","male","samsung sm-a505fn",54
2025-09-28T09:54:11.380Z,"08372784-2680-4eb7-ad25-be181de1bfc8_1758903378180_UPHILL_WALKING_SHOULDER_22_MALE_samsung_SM-A505FN.csv","uphill walking","shoulder","22","male","samsung sm-a505fn",4
2025-09-28T09:58:16.122Z,"08372784-2680-4eb7-ad25-be181de1bfc8_1758903421988_DOWNHILL_WALKING_SHOULDER_22_MALE_samsung_SM-A505FN.csv","downhill walking","shoulder","22","male","samsung sm-a505fn",3
2025-09-28T09:59:04.610Z,"08372784-2680-4eb7-ad25-be181de1bfc8_1758903690569_PLAIN_WALKING_HAND_23_MALE_samsung_SM-A505FN.csv","plain walking","hand","23","male","samsung sm-a505fn",44
2025-09-28T09:59:46.592Z,"08372784-2680-4eb7-ad25-be181de1bfc8_1758903725331_RUNNING_HAND_23_MALE_samsung_SM-A505FN.csv","running","hand","23","male","samsung sm-a505fn",48
2025-09-28T10:00:36.137Z,"08372784-2680-4eb7-ad25-be181de1bfc8_1758903751651_IRREGULAR_STEPS_HAND_23_MALE_samsung_SM-A505FN.csv","irregular steps","hand","23","male","samsung sm-a505fn",49
2025-09-28T10:01:49.439Z,"08372784-2680-4eb7-ad25-be181de1bfc8_1758903787368_BABY_STEPS_HAND_23_MALE_samsung_SM-A505FN.csv","baby steps","hand","23","male","samsung sm-a505fn",49
2025-09-28T10:02:32.827Z,"08372784-2680-4eb7-ad25-be181de1bfc8_1758903831351_UPHILL_WALKING_HAND_23_MALE_samsung_SM-A505FN.csv","uphill walking","hand","23","male","samsung sm-a505fn",52
2025-09-28T10:03:11.999Z,"08372784-2680-4eb7-ad25-be181de1bfc8_1758903865736_DOWNHILL_WALKING_HAND_23_MALE_samsung_SM-A505FN.csv","downhill walking","hand","23","male","samsung sm-a505fn",51
2025-09-28T13:13:06.568Z,"08372784-2680-4eb7-ad25-be181de1bfc8_1758903921536_PLAIN_WALKING_POCKET_23_MALE_samsung_SM-A505FN.csv","plain walking","pocket","23","male","samsung sm-a505fn",58
2025-09-28T13:13:50.779Z,"08372784-2680-4eb7-ad25-be181de1bfc8_1758903958942_RUNNING_POCKET_23_MALE_samsung_SM-A505FN.csv","running","pocket","23","male","samsung sm-a505fn",55
2025-09-28T13:14:44.097Z,"08372784-2680-4eb7-ad25-be181de1bfc8_1758903990220_IRREGULAR_STEPS_POCKET_23_MALE_samsung_SM-A505FN.csv","irregular steps","pocket","23","male","samsung sm-a505fn",65
2025-09-28T13:15:28.140Z,"08372784-2680-4eb7-ad25-be181de1bfc8_1758904034394_BABY_STEPS_POCKET_23_MALE_samsung_SM-A505FN.csv","baby steps","pocket","23","male","samsung sm-a505fn",51
2025-09-28T13:16:24.656Z,"08372784-2680-4eb7-ad25-be181de1bfc8_1758904078862_UPHILL_WALKING_POCKET_23_MALE_samsung_SM-A505FN.csv","uphill walking","pocket","23","male","samsung sm-a505fn",62
2025-09-28T13:17:18.870Z,"08372784-2680-4eb7-ad25-be181de1bfc8_1758904126998_DOWNHILL_WALKING_POCKET_23_MALE_samsung_SM-A505FN.csv","downhill walking","pocket","23","male","samsung sm-a505fn",53
2025-09-28T13:18:09.047Z,"08372784-2680-4eb7-ad25-be181de1bfc8_1758904242974_PLAIN_WALKING_SHOULDER_23_MALE_samsung_SM-A505FN.csv","plain walking","shoulder","23","male","samsung sm-a505fn",42
2025-09-28T13:18:58.898Z,"08372784-2680-4eb7-ad25-be181de1bfc8_1758904288474_IRREGULAR_STEPS_SHOULDER_23_MALE_samsung_SM-A505FN.csv","irregular steps","shoulder","23","male","samsung sm-a505fn",43
2025-09-28T13:20:17.844Z,"08372784-2680-4eb7-ad25-be181de1bfc8_1758904326017_BABY_STEPS_SHOULDER_23_MALE_samsung_SM-A505FN.csv","baby steps","shoulder","23","male","samsung sm-a505fn",47
2025-09-28T13:21:34.498Z,"08372784-2680-4eb7-ad25-be181de1bfc8_1758904364584_RUNNING_SHOULDER_23_MALE_samsung_SM-A505FN.csv","running","shoulder","23","male","samsung sm-a505fn",50
2025-09-28T13:22:38.817Z,"08372784-2680-4eb7-ad25-be181de1bfc8_1758904406558_UPHILL_WALKING_SHOULDER_23_MALE_samsung_SM-A505FN.csv","uphill walking","shoulder","23","male","samsung sm-a505fn",47
2025-09-28T13:23:23.186Z,"08372784-2680-4eb7-ad25-be181de1bfc8_1758904446065_DOWNHILL_WALKING_SHOULDER_23_MALE_samsung_SM-A505FN.csv","downhill walking","shoulder","23","male","samsung sm-a505fn",49
2025-09-28T13:24:04.371Z,"ba332b53-d7b0-4ee3-93d3-cec6b841df7b_1758902230921_PLAIN_WALKING_HAND_22_MALE_TCL_5030D_EEA.csv","plain walking","hand","22","male","tcl 5030d eea",46
2025-09-28T13:24:54.922Z,"ba332b53-d7b0-4ee3-93d3-cec6b841df7b_1758902273773_RUNNING_HAND_22_MALE_TCL_5030D_EEA.csv","running","hand","22","male","tcl 5030d eea",54
2025-09-28T13:25:38.346Z,"ba332b53-d7b0-4ee3-93d3-cec6b841df7b_1758902308774_IRREGULAR_STEPS_HAND_22_MALE_TCL_5030D_EEA.csv","irregular steps","hand","22","male","tcl 5030d eea",43
2025-09-28T13:26:19.389Z,"ba332b53-d7b0-4ee3-93d3-cec6b841df7b_1758902345863_BABY_STEPS_HAND_22_MALE_TCL_5030D_EEA.csv","baby steps","hand","22","male","tcl 5030d eea",46
2025-09-28T13:27:06.877Z,"ba332b53-d7b0-4ee3-93d3-cec6b841df7b_1758902435123_UPHILL_WALKING_HAND_22_MALE_TCL_5030D_EEA.csv","uphill walking","hand","22","male","tcl 5030d eea",47
2025-09-28T13:27:50.423Z,"ba332b53-d7b0-4ee3-93d3-cec6b841df7b_1758902471809_DOWNHILL_WALKING_HAND_22_MALE_TCL_5030D_EEA.csv","downhill walking","hand","22","male","tcl 5030d eea",54
2025-09-28T13:28:45.380Z,"ba332b53-d7b0-4ee3-93d3-cec6b841df7b_1758902585217_PLAIN_WALKING_SHOULDER_22_MALE_TCL_5030D_EEA.csv","plain walking","shoulder","22","male","tcl 5030d eea",47
2025-09-28T13:29:41.021Z,"ba332b53-d7b0-4ee3-93d3-cec6b841df7b_1758902706005_RUNNING_SHOULDER_22_MALE_TCL_5030D_EEA.csv","running","shoulder","22","male","tcl 5030d eea",48
2025-09-28T13:30:30.875Z,"ba332b53-d7b0-4ee3-93d3-cec6b841df7b_1758902780201_IRREGULAR_STEPS_SHOULDER_22_MALE_TCL_5030D_EEA.csv","irregular steps","shoulder","22","male","tcl 5030d eea",48
2025-09-28T13:31:17.053Z,"ba332b53-d7b0-4ee3-93d3-cec6b841df7b_1758902820390_BABY_STEPS_SHOULDER_22_MALE_TCL_5030D_EEA.csv","baby steps","shoulder","22","male","tcl 5030d eea",47
2025-09-28T13:32:02.941Z,"ba332b53-d7b0-4ee3-93d3-cec6b841df7b_1758902891185_UPHILL_WALKING_SHOULDER_22_MALE_TCL_5030D_EEA.csv","uphill walking","shoulder","22","male","tcl 5030d eea",45
2025-09-28T13:32:55.324Z,"ba332b53-d7b0-4ee3-93d3-cec6b841df7b_1758902938043_DOWNHILL_WALKING_SHOULDER_22_MALE_TCL_5030D_EEA.csv","downhill walking","shoulder","22","male","tcl 5030d eea",48
2025-09-28T13:33:51.096Z,"ba332b53-d7b0-4ee3-93d3-cec6b841df7b_1758903142376_PLAIN_WALKING_POCKET_22_MALE_TCL_5030D_EEA.csv","plain walking","pocket","22","male","tcl 5030d eea",54
2025-09-28T13:34:36.690Z,"ba332b53-d7b0-4ee3-93d3-cec6b841df7b_1758903180139_RUNNING_POCKET_22_MALE_TCL_5030D_EEA.csv","running","pocket","22","male","tcl 5030d eea",58
2025-09-28T13:36:28.725Z,"ba332b53-d7b0-4ee3-93d3-cec6b841df7b_1758903213574_IRREGULAR_STEPS_POCKET_22_MALE_TCL_5030D_EEA.csv","irregular steps","pocket","22","male","tcl 5030d eea",71
2025-09-28T13:37:25.879Z,"ba332b53-d7b0-4ee3-93d3-cec6b841df7b_1758903259423_BABY_STEPS_POCKET_22_MALE_TCL_5030D_EEA.csv","baby steps","pocket","22","male","tcl 5030d eea",62
2025-09-28T13:38:14.942Z,"ba332b53-d7b0-4ee3-93d3-cec6b841df7b_1758903314569_UPHILL_WALKING_POCKET_22_MALE_TCL_5030D_EEA.csv","uphill walking","pocket","22","male","tcl 5030d eea",60
2025-09-28T13:39:01.663Z,"ba332b53-d7b0-4ee3-93d3-cec6b841df7b_1758903352435_DOWNHILL_WALKING_POCKET_22_MALE_TCL_5030D_EEA.csv","downhill walking","pocket","22","male","tcl 5030d eea",56
2025-09-29T09:56:02.759Z,"9e631ff8-22b4-4421-a1eb-638c38c7585f_1758961163695_PLAIN_WALKING_HAND_18_MALE_samsung_SM-A346B.csv","plain walking","hand","18","male","samsung sm-a346b",65
2025-09-29T09:59:37.329Z,"9e631ff8-22b4-4421-a1eb-638c38c7585f_1758961210319_RUNNING_HAND_18_MALE_samsung_SM-A346B.csv","running","hand","18","male","samsung sm-a346b",50
2025-09-29T10:04:40.374Z,"9e631ff8-22b4-4421-a1eb-638c38c7585f_1758961240131_IRREGULAR_STEPS_HAND_18_MALE_samsung_SM-A346B.csv","irregular steps","hand","18","male","samsung sm-a346b",57
2025-09-29T10:05:27.439Z,"9e631ff8-22b4-4421-a1eb-638c38c7585f_1758961281683_BABY_STEPS_HAND_18_MALE_samsung_SM-A346B.csv","baby steps","hand","18","male","samsung sm-a346b",26
2025-09-29T10:06:28.980Z,"9e631ff8-22b4-4421-a1eb-638c38c7585f_1758961338538_UPHILL_WALKING_HAND_18_MALE_samsung_SM-A346B.csv","uphill walking","hand","18","male","samsung sm-a346b",16
2025-09-29T10:07:47.431Z,"9e631ff8-22b4-4421-a1eb-638c38c7585f_1758961382815_DOWNHILL_WALKING_HAND_18_MALE_samsung_SM-A346B.csv","downhill walking","hand","18","male","samsung sm-a346b",48
2025-09-29T10:08:52.202Z,"9e631ff8-22b4-4421-a1eb-638c38c7585f_1758961516161_UPHILL_WALKING_SHOULDER_18_MALE_samsung_SM-A346B.csv","uphill walking","shoulder","18","male","samsung sm-a346b",40
2025-09-29T10:10:53.023Z,"9e631ff8-22b4-4421-a1eb-638c38c7585f_1758961570342_DOWNHILL_WALKING_SHOULDER_18_MALE_samsung_SM-A346B.csv","downhill walking","shoulder","18","male","samsung sm-a346b",34
2025-09-29T10:11:46.239Z,"9e631ff8-22b4-4421-a1eb-638c38c7585f_1758961625560_PLAIN_WALKING_SHOULDER_18_MALE_samsung_SM-A346B.csv","plain walking","shoulder","18","male","samsung sm-a346b",41
2025-09-29T10:12:34.804Z,"9e631ff8-22b4-4421-a1eb-638c38c7585f_1758961689245_RUNNING_SHOULDER_18_MALE_samsung_SM-A346B.csv","running","shoulder","18","male","samsung sm-a346b",52
2025-09-29T10:13:34.612Z,"9e631ff8-22b4-4421-a1eb-638c38c7585f_1758961733894_IRREGULAR_STEPS_SHOULDER_18_MALE_samsung_SM-A346B.csv","irregular steps","shoulder","18","male","samsung sm-a346b",50
2025-09-29T10:15:38.884Z,"9e631ff8-22b4-4421-a1eb-638c38c7585f_1758961780053_BABY_STEPS_SHOULDER_18_MALE_samsung_SM-A346B.csv","baby steps","shoulder","18","male","samsung sm-a346b",6
2025-09-29T10:16:52.520Z,"9e631ff8-22b4-4421-a1eb-638c38c7585f_1758961915397_PLAIN_WALKING_POCKET_18_MALE_samsung_SM-A346B.csv","plain walking","pocket","18","male","samsung sm-a346b",51
2025-09-29T10:17:42.984Z,"9e631ff8-22b4-4421-a1eb-638c38c7585f_1758961983303_RUNNING_POCKET_18_MALE_samsung_SM-A346B.csv","running","pocket","18","male","samsung sm-a346b",55
2025-09-29T10:18:52.123Z,"9e631ff8-22b4-4421-a1eb-638c38c7585f_1758962032577_IRREGULAR_STEPS_POCKET_18_MALE_samsung_SM-A346B.csv","irregular steps","pocket","18","male","samsung sm-a346b",67
2025-09-29T10:20:18.032Z,"9e631ff8-22b4-4421-a1eb-638c38c7585f_1758962095794_BABY_STEPS_POCKET_18_MALE_samsung_SM-A346B.csv","baby steps","pocket","18","male","samsung sm-a346b",39
2025-09-29T10:21:17.923Z,"9e631ff8-22b4-4421-a1eb-638c38c7585f_1758962152796_UPHILL_WALKING_POCKET_18_MALE_samsung_SM-A346B.csv","uphill walking","pocket","18","male","samsung sm-a346b",58
2025-09-29T10:22:12.680Z,"9e631ff8-22b4-4421-a1eb-638c38c7585f_1758962204143_DOWNHILL_WALKING_POCKET_18_MALE_samsung_SM-A346B.csv","downhill walking","pocket","18","male","samsung sm-a346b",49
2025-09-29T10:23:01.713Z,"9e631ff8-22b4-4421-a1eb-638c38c7585f_1758962476224_PLAIN_WALKING_HAND_19_MALE_samsung_SM-A346B.csv","plain walking","hand","19","male","samsung sm-a346b",43
2025-09-29T10:23:42.422Z,"9e631ff8-22b4-4421-a1eb-638c38c7585f_1758962520844_RUNNING_HAND_19_MALE_samsung_SM-A346B.csv","running","hand","19","male","samsung sm-a346b",53
2025-09-29T10:24:45.217Z,"9e631ff8-22b4-4421-a1eb-638c38c7585f_1758962560909_IRREGULAR_STEPS_HAND_19_MALE_samsung_SM-A346B.csv","irregular steps","hand","19","male","samsung sm-a346b",58
2025-09-29T10:25:43.147Z,"9e631ff8-22b4-4421-a1eb-638c38c7585f_1758962605971_BABY_STEPS_HAND_19_MALE_samsung_SM-A346B.csv","baby steps","hand","19","male","samsung sm-a346b",43
2025-09-29T10:26:50.455Z,"9e631ff8-22b4-4421-a1eb-638c38c7585f_1758962672962_UPHILL_WALKING_HAND_19_MALE_samsung_SM-A346B.csv","uphill walking","hand","19","male","samsung sm-a346b",48
2025-09-29T13:19:36.759Z,"9e631ff8-22b4-4421-a1eb-638c38c7585f_1758962716480_DOWNHILL_WALKING_HAND_19_MALE_samsung_SM-A346B.csv","downhill walking","hand","19","male","samsung sm-a346b",66
2025-09-29T13:20:41.856Z,"9e631ff8-22b4-4421-a1eb-638c38c7585f_1758962913169_UPHILL_WALKING_SHOULDER_19_MALE_samsung_SM-A346B.csv","uphill walking","shoulder","19","male","samsung sm-a346b",34
2025-09-29T13:22:43.049Z,"9e631ff8-22b4-4421-a1eb-638c38c7585f_1758962973585_DOWNHILL_WALKING_SHOULDER_19_MALE_samsung_SM-A346B.csv","downhill walking","shoulder","19","male","samsung sm-a346b",26
2025-09-29T13:24:27.028Z,"9e631ff8-22b4-4421-a1eb-638c38c7585f_1758963031812_PLAIN_WALKING_SHOULDER_19_MALE_samsung_SM-A346B.csv","plain walking","shoulder","19","male","samsung sm-a346b",54
2025-09-29T13:25:11.952Z,"9e631ff8-22b4-4421-a1eb-638c38c7585f_1758963080250_RUNNING_SHOULDER_19_MALE_samsung_SM-A346B.csv","running","shoulder","19","male","samsung sm-a346b",51
2025-09-29T13:25:59.906Z,"9e631ff8-22b4-4421-a1eb-638c38c7585f_1758963119325_IRREGULAR_STEPS_SHOULDER_19_MALE_samsung_SM-A346B.csv","irregular steps","shoulder","19","male","samsung sm-a346b",52
2025-09-29T13:27:44.387Z,"9e631ff8-22b4-4421-a1eb-638c38c7585f_1758963176073_BABY_STEPS_SHOULDER_19_MALE_samsung_SM-A346B.csv","baby steps","shoulder","19","male","samsung sm-a346b",3
2025-09-29T13:28:51.745Z,"9e631ff8-22b4-4421-a1eb-638c38c7585f_1758963267861_PLAIN_WALKING_POCKET_19_MALE_samsung_SM-A346B.csv","plain walking","pocket","19","male","samsung sm-a346b",61
2025-09-29T13:29:32.407Z,"9e631ff8-22b4-4421-a1eb-638c38c7585f_1758963318607_RUNNING_POCKET_19_MALE_samsung_SM-A346B.csv","running","pocket","19","male","samsung sm-a346b",56
2025-09-29T13:31:21.258Z,"9e631ff8-22b4-4421-a1eb-638c38c7585f_1758963358145_IRREGULAR_STEPS_POCKET_19_MALE_samsung_SM-A346B.csv","irregular steps","pocket","19","male","samsung sm-a346b",86
2025-09-29T13:32:29.812Z,"9e631ff8-22b4-4421-a1eb-638c38c7585f_1758963415892_BABY_STEPS_POCKET_19_MALE_samsung_SM-A346B.csv","baby steps","pocket","19","male","samsung sm-a346b",27
2025-09-29T13:33:24.384Z,"9e631ff8-22b4-4421-a1eb-638c38c7585f_1758963481919_UPHILL_WALKING_POCKET_19_MALE_samsung_SM-A346B.csv","uphill walking","pocket","19","male","samsung sm-a346b",61
2025-09-29T13:34:24.484Z,"9e631ff8-22b4-4421-a1eb-638c38c7585f_1758963529966_DOWNHILL_WALKING_POCKET_19_MALE_samsung_SM-A346B.csv","downhill walking","pocket","19","male","samsung sm-a346b",52
2025-09-29T13:35:12.124Z,"9e631ff8-22b4-4421-a1eb-638c38c7585f_1758963703783_PLAIN_WALKING_HAND_18_FEMALE_samsung_SM-A346B.csv","plain walking","hand","18","female","samsung sm-a346b",43
2025-09-29T13:35:53.369Z,"9e631ff8-22b4-4421-a1eb-638c38c7585f_1758963744170_RUNNING_HAND_18_FEMALE_samsung_SM-A346B.csv","running","hand","18","female","samsung sm-a346b",58
2025-09-29T13:36:51.769Z,"9e631ff8-22b4-4421-a1eb-638c38c7585f_1758963777260_IRREGULAR_STEPS_HAND_18_FEMALE_samsung_SM-A346B.csv","irregular steps","hand","18","female","samsung sm-a346b",63
2025-09-29T13:37:40.623Z,"9e631ff8-22b4-4421-a1eb-638c38c7585f_1758963827873_BABY_STEPS_HAND_18_FEMALE_samsung_SM-A346B.csv","baby steps","hand","18","female","samsung sm-a346b",47
2025-09-29T13:38:31.108Z,"9e631ff8-22b4-4421-a1eb-638c38c7585f_1758963882175_UPHILL_WALKING_HAND_18_FEMALE_samsung_SM-A346B.csv","uphill walking","hand","18","female","samsung sm-a346b",49
2025-09-29T13:39:20.727Z,"9e631ff8-22b4-4421-a1eb-638c38c7585f_1758963928531_DOWNHILL_WALKING_HAND_18_FEMALE_samsung_SM-A346B.csv","downhill walking","hand","18","female","samsung sm-a346b",54
2025-09-29T13:40:16.047Z,"9e631ff8-22b4-4421-a1eb-638c38c7585f_1758964075826_PLAIN_WALKING_SHOULDER_18_FEMALE_samsung_SM-A346B.csv","plain walking","shoulder","18","female","samsung sm-a346b",48
2025-09-29T13:40:58.072Z,"9e631ff8-22b4-4421-a1eb-638c38c7585f_1758964122130_RUNNING_SHOULDER_18_FEMALE_samsung_SM-A346B.csv","running","shoulder","18","female","samsung sm-a346b",51
2025-09-29T13:41:52.662Z,"9e631ff8-22b4-4421-a1eb-638c38c7585f_1758964162206_IRREGULAR_STEPS_SHOULDER_18_FEMALE_samsung_SM-A346B.csv","irregular steps","shoulder","18","female","samsung sm-a346b",56
2025-09-29T13:43:04.494Z,"9e631ff8-22b4-4421-a1eb-638c38c7585f_1758964210741_BABY_STEPS_SHOULDER_18_FEMALE_samsung_SM-A346B.csv","baby steps","shoulder","18","female","samsung sm-a346b",3
2025-09-29T13:44:57.330Z,"9e631ff8-22b4-4421-a1eb-638c38c7585f_1758964288128_UPHILL_WALKING_SHOULDER_18_FEMALE_samsung_SM-A346B.csv","uphill walking","shoulder","18","female","samsung sm-a346b",3
2025-09-29T13:45:49.762Z,"9e631ff8-22b4-4421-a1eb-638c38c7585f_1758964332647_DOWNHILL_WALKING_SHOULDER_18_FEMALE_samsung_SM-A346B.csv","downhill walking","shoulder","18","female","samsung sm-a346b",22
2025-09-29T13:46:40.478Z,"9e631ff8-22b4-4421-a1eb-638c38c7585f_1758964422508_PLAIN_WALKING_POCKET_18_FEMALE_samsung_SM-A346B.csv","plain walking","pocket","18","female","samsung sm-a346b",54
2025-09-29T13:47:28.661Z,"9e631ff8-22b4-4421-a1eb-638c38c7585f_1758964466230_RUNNING_POCKET_18_FEMALE_samsung_SM-A346B.csv","running","pocket","18","female","samsung sm-a346b",61
2025-09-29T13:48:24.733Z,"9e631ff8-22b4-4421-a1eb-638c38c7585f_1758964505949_IRREGULAR_STEPS_POCKET_18_FEMALE_samsung_SM-A346B.csv","irregular steps","pocket","18","female","samsung sm-a346b",65
2025-09-29T13:50:14.323Z,"9e631ff8-22b4-4421-a1eb-638c38c7585f_1758964556054_BABY_STEPS_POCKET_18_FEMALE_samsung_SM-A346B.csv","baby steps","pocket","18","female","samsung sm-a346b",46
2025-09-29T13:51:34.109Z,"9e631ff8-22b4-4421-a1eb-638c38c7585f_1758964606153_UPHILL_WALKING_POCKET_18_FEMALE_samsung_SM-A346B.csv","uphill walking","pocket","18","female","samsung sm-a346b",61
2025-09-29T13:52:38.050Z,"9e631ff8-22b4-4421-a1eb-638c38c7585f_1758964654449_DOWNHILL_WALKING_POCKET_18_FEMALE_samsung_SM-A346B.csv","downhill walking","pocket","18","female","samsung sm-a346b",52
2025-09-29T13:53:27.849Z,"f22982f3-c6dd-4424-abdd-8989b3059fd9_1758961065915_PLAIN_WALKING_HAND_57_MALE_samsung_SM-A326B.csv","plain walking","hand","57","male","samsung sm-a326b",49
2025-09-29T13:54:07.011Z,"f22982f3-c6dd-4424-abdd-8989b3059fd9_1758961208730_RUNNING_HAND_57_MALE_samsung_SM-A326B.csv","running","hand","57","male","samsung sm-a326b",50
2025-09-29T13:54:58.703Z,"f22982f3-c6dd-4424-abdd-8989b3059fd9_1758961241775_IRREGULAR_STEPS_HAND_57_MALE_samsung_SM-A326B.csv","irregular steps","hand","57","male","samsung sm-a326b",60
2025-09-29T13:56:07.551Z,"f22982f3-c6dd-4424-abdd-8989b3059fd9_1758961281727_BABY_STEPS_HAND_57_MALE_samsung_SM-A326B.csv","baby steps","hand","57","male","samsung sm-a326b",55
2025-09-29T13:56:54.634Z,"f22982f3-c6dd-4424-abdd-8989b3059fd9_1758961339668_UPHILL_WALKING_HAND_57_MALE_samsung_SM-A326B.csv","uphill walking","hand","57","male","samsung sm-a326b",56
2025-09-29T13:57:45.345Z,"f22982f3-c6dd-4424-abdd-8989b3059fd9_1758961382701_DOWNHILL_WALKING_HAND_57_MALE_samsung_SM-A326B.csv","downhill walking","hand","57","male","samsung sm-a326b",63
2025-09-29T13:58:39.786Z,"f22982f3-c6dd-4424-abdd-8989b3059fd9_1758961522568_UPHILL_WALKING_POCKET_57_MALE_samsung_SM-A326B.csv","uphill walking","pocket","57","male","samsung sm-a326b",59
2025-09-29T13:59:35.628Z,"f22982f3-c6dd-4424-abdd-8989b3059fd9_1758961572887_DOWNHILL_WALKING_POCKET_57_MALE_samsung_SM-A326B.csv","downhill walking","pocket","57","male","samsung sm-a326b",54
2025-09-29T14:00:30.786Z,"f22982f3-c6dd-4424-abdd-8989b3059fd9_1758961624799_PLAIN_WALKING_POCKET_57_MALE_samsung_SM-A326B.csv","plain walking","pocket","57","male","samsung sm-a326b",68
2025-09-29T14:01:18.129Z,"f22982f3-c6dd-4424-abdd-8989b3059fd9_1758961692517_RUNNING_POCKET_57_MALE_samsung_SM-A326B.csv","running","pocket","57","male","samsung sm-a326b",52
2025-09-29T14:02:23.945Z,"f22982f3-c6dd-4424-abdd-8989b3059fd9_1758961734954_IRREGULAR_STEPS_POCKET_57_MALE_samsung_SM-A326B.csv","irregular steps","pocket","57","male","samsung sm-a326b",66
2025-09-29T14:03:23.770Z,"f22982f3-c6dd-4424-abdd-8989b3059fd9_1758961782625_BABY_STEPS_POCKET_57_MALE_samsung_SM-A326B.csv","baby steps","pocket","57","male","samsung sm-a326b",47
2025-09-29T14:04:23.660Z,"f22982f3-c6dd-4424-abdd-8989b3059fd9_1758961970284_PLAIN_WALKING_SHOULDER_57_MALE_samsung_SM-A326B.csv","plain walking","shoulder","57","male","samsung sm-a326b",5
2025-09-29T14:05:11.284Z,"f22982f3-c6dd-4424-abdd-8989b3059fd9_1758962041377_RUNNING_SHOULDER_57_MALE_samsung_SM-A326B.csv","running","shoulder","57","male","samsung sm-a326b",54
2025-09-29T14:06:05.149Z,"f22982f3-c6dd-4424-abdd-8989b3059fd9_1758962084808_IRREGULAR_STEPS_SHOULDER_57_MALE_samsung_SM-A326B.csv","irregular steps","shoulder","57","male","samsung sm-a326b",50
2025-09-29T14:07:13.902Z,"f22982f3-c6dd-4424-abdd-8989b3059fd9_1758962158153_BABY_STEPS_SHOULDER_57_MALE_samsung_SM-A326B.csv","baby steps","shoulder","57","male","samsung sm-a326b",47
2025-09-29T14:08:13.265Z,"f22982f3-c6dd-4424-abdd-8989b3059fd9_1758962212102_UPHILL_WALKING_SHOULDER_57_MALE_samsung_SM-A326B.csv","uphill walking","shoulder","57","male","samsung sm-a326b",51
2025-09-29T14:42:34.878Z,"f22982f3-c6dd-4424-abdd-8989b3059fd9_1758962265241_DOWNHILL_WALKING_SHOULDER_57_MALE_samsung_SM-A326B.csv","downhill walking","shoulder","57","male","samsung sm-a326b",73
2025-09-29T14:43:25.509Z,"f7f572fe-eb11-4f7e-a514-dc7812bd8998_1758962596841_PLAIN_WALKING_HAND_23_MALE_motorola_motorola edge 50 fusion.csv","plain walking","hand","23","male","motorola motorola edge 50 fusion",51
2025-09-29T14:44:03.434Z,"f7f572fe-eb11-4f7e-a514-dc7812bd8998_1758962641989_RUNNING_HAND_23_MALE_motorola_motorola edge 50 fusion.csv","running","hand","23","male","motorola motorola edge 50 fusion",51
2025-09-29T14:44:44.436Z,"f7f572fe-eb11-4f7e-a514-dc7812bd8998_1758962666777_IRREGULAR_STEPS_HAND_23_MALE_motorola_motorola edge 50 fusion.csv","irregular steps","hand","23","male","motorola motorola edge 50 fusion",53
2025-09-29T14:45:26.184Z,"f7f572fe-eb11-4f7e-a514-dc7812bd8998_1758962699395_BABY_STEPS_HAND_23_MALE_motorola_motorola edge 50 fusion.csv","baby steps","hand","23","male","motorola motorola edge 50 fusion",53
2025-09-29T14:46:09.119Z,"f7f572fe-eb11-4f7e-a514-dc7812bd8998_1758962749813_UPHILL_WALKING_HAND_23_MALE_motorola_motorola edge 50 fusion.csv","uphill walking","hand","23","male","motorola motorola edge 50 fusion",50
2025-09-29T14:47:04.920Z,"f7f572fe-eb11-4f7e-a514-dc7812bd8998_1758962825153_DOWNHILL_WALKING_HAND_23_MALE_motorola_motorola edge 50 fusion.csv","downhill walking","hand","23","male","motorola motorola edge 50 fusion",49
2025-09-29T14:47:48.396Z,"f7f572fe-eb11-4f7e-a514-dc7812bd8998_1758962924222_PLAIN_WALKING_POCKET_23_MALE_motorola_motorola edge 50 fusion.csv","plain walking","pocket","23","male","motorola motorola edge 50 fusion",57
2025-09-29T14:48:34.214Z,"f7f572fe-eb11-4f7e-a514-dc7812bd8998_1758962962127_IRREGULAR_STEPS_POCKET_23_MALE_motorola_motorola edge 50 fusion.csv","irregular steps","pocket","23","male","motorola motorola edge 50 fusion",51
2025-09-29T14:49:15.612Z,"f7f572fe-eb11-4f7e-a514-dc7812bd8998_1758963057095_RUNNING_POCKET_23_MALE_motorola_motorola edge 50 fusion.csv","running","pocket","23","male","motorola motorola edge 50 fusion",53
2025-09-29T14:50:13.193Z,"f7f572fe-eb11-4f7e-a514-dc7812bd8998_1758963097805_BABY_STEPS_POCKET_23_MALE_motorola_motorola edge 50 fusion.csv","baby steps","pocket","23","male","motorola motorola edge 50 fusion",53
2025-09-29T14:51:06.036Z,"f7f572fe-eb11-4f7e-a514-dc7812bd8998_1758963143215_UPHILL_WALKING_POCKET_23_MALE_motorola_motorola edge 50 fusion.csv","uphill walking","pocket","23","male","motorola motorola edge 50 fusion",53
2025-09-29T14:51:55.327Z,"f7f572fe-eb11-4f7e-a514-dc7812bd8998_1758963185977_DOWNHILL_WALKING_POCKET_23_MALE_motorola_motorola edge 50 fusion.csv","downhill walking","pocket","23","male","motorola motorola edge 50 fusion",54
2025-09-29T14:52:40.260Z,"f7f572fe-eb11-4f7e-a514-dc7812bd8998_1758963316457_PLAIN_WALKING_SHOULDER_23_MALE_motorola_motorola edge 50 fusion.csv","plain walking","shoulder","23","male","motorola motorola edge 50 fusion",51
2025-09-29T14:53:22.033Z,"f7f572fe-eb11-4f7e-a514-dc7812bd8998_1758963358130_RUNNING_SHOULDER_23_MALE_motorola_motorola edge 50 fusion.csv","running","shoulder","23","male","motorola motorola edge 50 fusion",36
2025-09-29T14:54:09.086Z,"f7f572fe-eb11-4f7e-a514-dc7812bd8998_1758963399104_IRREGULAR_STEPS_SHOULDER_23_MALE_motorola_motorola edge 50 fusion.csv","irregular steps","shoulder","23","male","motorola motorola edge 50 fusion",48
2025-09-29T14:55:09.060Z,"f7f572fe-eb11-4f7e-a514-dc7812bd8998_1758963446017_BABY_STEPS_SHOULDER_23_MALE_motorola_motorola edge 50 fusion.csv","baby steps","shoulder","23","male","motorola motorola edge 50 fusion",43
2025-09-29T14:56:58.646Z,"f7f572fe-eb11-4f7e-a514-dc7812bd8998_1758963501642_UPHILL_WALKING_SHOULDER_23_MALE_motorola_motorola edge 50 fusion.csv","uphill walking","shoulder","23","male","motorola motorola edge 50 fusion",48
2025-09-29T14:57:47.341Z,"f7f572fe-eb11-4f7e-a514-dc7812bd8998_1758963553038_DOWNHILL_WALKING_SHOULDER_23_MALE_motorola_motorola edge 50 fusion.csv","downhill walking","shoulder","23","male","motorola motorola edge 50 fusion",40
2025-09-29T14:58:32.602Z,"f7f572fe-eb11-4f7e-a514-dc7812bd8998_1758963772761_PLAIN_WALKING_HAND_22_MALE_motorola_motorola edge 50 fusion.csv","plain walking","hand","22","male","motorola motorola edge 50 fusion",54
2025-09-29T14:59:12.254Z,"f7f572fe-eb11-4f7e-a514-dc7812bd8998_1758963820810_RUNNING_HAND_22_MALE_motorola_motorola edge 50 fusion.csv","running","hand","22","male","motorola motorola edge 50 fusion",53
2025-09-29T15:00:04.346Z,"f7f572fe-eb11-4f7e-a514-dc7812bd8998_1758963846677_IRREGULAR_STEPS_HAND_22_MALE_motorola_motorola edge 50 fusion.csv","irregular steps","hand","22","male","motorola motorola edge 50 fusion",61
2025-09-29T15:00:56.609Z,"f7f572fe-eb11-4f7e-a514-dc7812bd8998_1758963887024_BABY_STEPS_HAND_22_MALE_motorola_motorola edge 50 fusion.csv","baby steps","hand","22","male","motorola motorola edge 50 fusion",50
2025-09-29T15:01:39.642Z,"f7f572fe-eb11-4f7e-a514-dc7812bd8998_1758963945485_UPHILL_WALKING_HAND_22_MALE_motorola_motorola edge 50 fusion.csv","uphill walking","hand","22","male","motorola motorola edge 50 fusion",48
2025-09-29T15:02:40.658Z,"f7f572fe-eb11-4f7e-a514-dc7812bd8998_1758964083342_DOWNHILL_WALKING_HAND_22_MALE_motorola_motorola edge 50 fusion.csv","downhill walking","hand","22","male","motorola motorola edge 50 fusion",52
2025-09-29T15:03:28.184Z,"f7f572fe-eb11-4f7e-a514-dc7812bd8998_1758964130719_PLAIN_WALKING_POCKET_22_MALE_motorola_motorola edge 50 fusion.csv","plain walking","pocket","22","male","motorola motorola edge 50 fusion",59
2025-09-29T15:04:14.821Z,"f7f572fe-eb11-4f7e-a514-dc7812bd8998_1758964171082_RUNNING_POCKET_22_MALE_motorola_motorola edge 50 fusion.csv","running","pocket","22","male","motorola motorola edge 50 fusion",56
2025-09-29T15:05:05.943Z,"f7f572fe-eb11-4f7e-a514-dc7812bd8998_1758964214861_IRREGULAR_STEPS_POCKET_22_MALE_motorola_motorola edge 50 fusion.csv","irregular steps","pocket","22","male","motorola motorola edge 50 fusion",70
2025-09-29T15:06:06.002Z,"f7f572fe-eb11-4f7e-a514-dc7812bd8998_1758964262506_BABY_STEPS_POCKET_22_MALE_motorola_motorola edge 50 fusion.csv","baby steps","pocket","22","male","motorola motorola edge 50 fusion",67
2025-09-29T15:07:03.132Z,"f7f572fe-eb11-4f7e-a514-dc7812bd8998_1758964334412_UPHILL_WALKING_POCKET_22_MALE_motorola_motorola edge 50 fusion.csv","uphill walking","pocket","22","male","motorola motorola edge 50 fusion",80
2025-09-29T15:07:53.386Z,"f7f572fe-eb11-4f7e-a514-dc7812bd8998_1758964380405_DOWNHILL_WALKING_POCKET_22_MALE_motorola_motorola edge 50 fusion.csv","downhill walking","pocket","22","male","motorola motorola edge 50 fusion",58
2025-09-29T15:08:41.798Z,"f7f572fe-eb11-4f7e-a514-dc7812bd8998_1758964509172_PLAIN_WALKING_SHOULDER_22_MALE_motorola_motorola edge 50 fusion.csv","plain walking","shoulder","22","male","motorola motorola edge 50 fusion",44
2025-09-29T15:09:42.465Z,"f7f572fe-eb11-4f7e-a514-dc7812bd8998_1758964548245_RUNNING_SHOULDER_22_MALE_motorola_motorola edge 50 fusion.csv","running","shoulder","22","male","motorola motorola edge 50 fusion",56
2025-09-29T15:10:34.370Z,"f7f572fe-eb11-4f7e-a514-dc7812bd8998_1758964584715_IRREGULAR_STEPS_SHOULDER_22_MALE_motorola_motorola edge 50 fusion.csv","irregular steps","shoulder","22","male","motorola motorola edge 50 fusion",49
2025-09-29T15:11:24.583Z,"f7f572fe-eb11-4f7e-a514-dc7812bd8998_1758964642164_BABY_STEPS_SHOULDER_22_MALE_motorola_motorola edge 50 fusion.csv","baby steps","shoulder","22","male","motorola motorola edge 50 fusion",37
2025-09-29T15:13:04.612Z,"f7f572fe-eb11-4f7e-a514-dc7812bd8998_1758964707607_UPHILL_WALKING_SHOULDER_22_MALE_motorola_motorola edge 50 fusion.csv","uphill walking","shoulder","22","male","motorola motorola edge 50 fusion",44
2025-09-29T15:13:54.921Z,"f7f572fe-eb11-4f7e-a514-dc7812bd8998_1758964745615_DOWNHILL_WALKING_SHOULDER_22_MALE_motorola_motorola edge 50 fusion.csv","downhill walking","shoulder","22","male","motorola motorola edge 50 fusion",37
2025-10-02T07:27:03.381Z,"2c18814d-cbaa-44e5-99ac-baa33ee20831_1759162921009_PLAIN_WALKING_HAND_55_FEMALE_Xiaomi_2109119DG.csv","plain walking","hand","55","female","xiaomi 2109119dg",71
2025-10-02T07:27:38.546Z,"2c18814d-cbaa-44e5-99ac-baa33ee20831_1759162959599_RUNNING_HAND_55_FEMALE_Xiaomi_2109119DG.csv","running","hand","55","female","xiaomi 2109119dg",46
2025-10-02T07:28:20.673Z,"2c18814d-cbaa-44e5-99ac-baa33ee20831_1759163069553_IRREGULAR_STEPS_HAND_55_FEMALE_Xiaomi_2109119DG.csv","irregular steps","hand","55","female","xiaomi 2109119dg",47
2025-10-02T07:29:06.646Z,"2c18814d-cbaa-44e5-99ac-baa33ee20831_1759163109432_BABY_STEPS_HAND_55_FEMALE_Xiaomi_2109119DG.csv","baby steps","hand","55","female","xiaomi 2109119dg",46
2025-10-02T07:29:52.596Z,"2c18814d-cbaa-44e5-99ac-baa33ee20831_1759163158962_PLAIN_WALKING_POCKET_55_FEMALE_Xiaomi_2109119DG.csv","plain walking","pocket","55","female","xiaomi 2109119dg",49
2025-10-02T07:30:33.669Z,"2c18814d-cbaa-44e5-99ac-baa33ee20831_1759163202011_RUNNING_POCKET_55_FEMALE_Xiaomi_2109119DG.csv","running","pocket","55","female","xiaomi 2109119dg",51
2025-10-02T07:31:26.577Z,"2c18814d-cbaa-44e5-99ac-baa33ee20831_1759163236636_IRREGULAR_STEPS_POCKET_55_FEMALE_Xiaomi_2109119DG.csv","irregular steps","pocket","55","female","xiaomi 2109119dg",57
2025-10-02T07:32:15.236Z,"2c18814d-cbaa-44e5-99ac-baa33ee20831_1759163284793_BABY_STEPS_POCKET_55_FEMALE_Xiaomi_2109119DG.csv","baby steps","pocket","55","female","xiaomi 2109119dg",45
2025-10-02T07:33:17.494Z,"2c18814d-cbaa-44e5-99ac-baa33ee20831_1759163334288_UPHILL_WALKING_POCKET_55_FEMALE_Xiaomi_2109119DG.csv","uphill walking","pocket","55","female","xiaomi 2109119dg",56
2025-10-02T07:34:05.577Z,"2c18814d-cbaa-44e5-99ac-baa33ee20831_1759163388993_DOWNHILL_WALKING_POCKET_55_FEMALE_Xiaomi_2109119DG.csv","downhill walking","pocket","55","female","xiaomi 2109119dg",51
2025-10-02T07:34:50.752Z,"2c18814d-cbaa-44e5-99ac-baa33ee20831_1759163450055_UPHILL_WALKING_HAND_55_FEMALE_Xiaomi_2109119DG.csv","uphill walking","hand","55","female","xiaomi 2109119dg",45
2025-10-02T07:35:34.101Z,"2c18814d-cbaa-44e5-99ac-baa33ee20831_1759163493885_DOWNHILL_WALKING_HAND_55_FEMALE_Xiaomi_2109119DG.csv","downhill walking","hand","55","female","xiaomi 2109119dg",38
2025-10-02T07:36:23.054Z,"2c18814d-cbaa-44e5-99ac-baa33ee20831_1759163649540_PLAIN_WALKING_SHOULDER_55_FEMALE_Xiaomi_2109119DG.csv","plain walking","shoulder","55","female","xiaomi 2109119dg",37
2025-10-02T07:36:59.673Z,"2c18814d-cbaa-44e5-99ac-baa33ee20831_1759163698372_RUNNING_SHOULDER_55_FEMALE_Xiaomi_2109119DG.csv","running","shoulder","55","female","xiaomi 2109119dg",32
2025-10-02T07:37:42.744Z,"2c18814d-cbaa-44e5-99ac-baa33ee20831_1759163728481_IRREGULAR_STEPS_SHOULDER_55_FEMALE_Xiaomi_2109119DG.csv","irregular steps","shoulder","55","female","xiaomi 2109119dg",44
2025-10-02T07:38:26.139Z,"2c18814d-cbaa-44e5-99ac-baa33ee20831_1759163825673_BABY_STEPS_SHOULDER_55_FEMALE_Xiaomi_2109119DG.csv","baby steps","shoulder","55","female","xiaomi 2109119dg",44
2025-10-02T07:39:13.937Z,"2c18814d-cbaa-44e5-99ac-baa33ee20831_1759164024450_UPHILL_WALKING_SHOULDER_55_FEMALE_Xiaomi_2109119DG.csv","uphill walking","shoulder","55","female","xiaomi 2109119dg",42
2025-10-02T07:39:55.552Z,"2c18814d-cbaa-44e5-99ac-baa33ee20831_1759164065783_DOWNHILL_WALKING_SHOULDER_55_FEMALE_Xiaomi_2109119DG.csv","downhill walking","shoulder","55","female","xiaomi 2109119dg",43
2025-10-02T07:42:32.113Z,"2c18814d-cbaa-44e5-99ac-baa33ee20831_1759164176759_PLAIN_WALKING_HAND_53_FEMALE_Xiaomi_2109119DG.csv","plain walking","hand","53","female","xiaomi 2109119dg",46
2025-10-02T07:43:05.431Z,"2c18814d-cbaa-44e5-99ac-baa33ee20831_1759164263977_RUNNING_HAND_53_FEMALE_Xiaomi_2109119DG.csv","running","hand","53","female","xiaomi 2109119dg",51
2025-10-02T07:43:48.040Z,"2c18814d-cbaa-44e5-99ac-baa33ee20831_1759164317744_IRREGULAR_STEPS_HAND_53_FEMALE_Xiaomi_2109119DG.csv","irregular steps","hand","53","female","xiaomi 2109119dg",45
2025-10-02T07:44:27.855Z,"2c18814d-cbaa-44e5-99ac-baa33ee20831_1759164351933_BABY_STEPS_HAND_53_FEMALE_Xiaomi_2109119DG.csv","baby steps","hand","53","female","xiaomi 2109119dg",40
2025-10-02T07:45:10.399Z,"2c18814d-cbaa-44e5-99ac-baa33ee20831_1759164485198_UPHILL_WALKING_HAND_53_FEMALE_Xiaomi_2109119DG.csv","uphill walking","hand","53","female","xiaomi 2109119dg",47
2025-10-02T07:45:53.388Z,"2c18814d-cbaa-44e5-99ac-baa33ee20831_1759164517889_DOWNHILL_WALKING_HAND_53_FEMALE_Xiaomi_2109119DG.csv","downhill walking","hand","53","female","xiaomi 2109119dg",53
2025-10-02T07:46:38.894Z,"2c18814d-cbaa-44e5-99ac-baa33ee20831_1759164557506_PLAIN_WALKING_POCKET_53_FEMALE_Xiaomi_2109119DG.csv","plain walking","pocket","53","female","xiaomi 2109119dg",54
2025-10-02T07:47:16.687Z,"2c18814d-cbaa-44e5-99ac-baa33ee20831_1759164601225_RUNNING_POCKET_53_FEMALE_Xiaomi_2109119DG.csv","running","pocket","53","female","xiaomi 2109119dg",55
2025-10-02T07:48:02.027Z,"2c18814d-cbaa-44e5-99ac-baa33ee20831_1759164634256_IRREGULAR_STEPS_POCKET_53_FEMALE_Xiaomi_2109119DG.csv","irregular steps","pocket","53","female","xiaomi 2109119dg",50
2025-10-02T07:48:50.593Z,"2c18814d-cbaa-44e5-99ac-baa33ee20831_1759164673772_BABY_STEPS_POCKET_53_FEMALE_Xiaomi_2109119DG.csv","baby steps","pocket","53","female","xiaomi 2109119dg",54
2025-10-02T07:49:40.469Z,"2c18814d-cbaa-44e5-99ac-baa33ee20831_1759164722535_UPHILL_WALKING_POCKET_53_FEMALE_Xiaomi_2109119DG.csv","uphill walking","pocket","53","female","xiaomi 2109119dg",37
2025-10-02T07:50:33.289Z,"2c18814d-cbaa-44e5-99ac-baa33ee20831_1759164761251_DOWNHILL_WALKING_POCKET_53_FEMALE_Xiaomi_2109119DG.csv","downhill walking","pocket","53","female","xiaomi 2109119dg",45
2025-10-02T07:51:15.724Z,"2c18814d-cbaa-44e5-99ac-baa33ee20831_1759165399506_PLAIN_WALKING_SHOULDER_53_FEMALE_Xiaomi_2109119DG.csv","plain walking","shoulder","53","female","xiaomi 2109119dg",37
2025-10-02T07:51:55.693Z,"2c18814d-cbaa-44e5-99ac-baa33ee20831_1759165450016_RUNNING_SHOULDER_53_FEMALE_Xiaomi_2109119DG.csv","running","shoulder","53","female","xiaomi 2109119dg",48
2025-10-02T07:53:10.928Z,"2c18814d-cbaa-44e5-99ac-baa33ee20831_1759165479789_BABY_STEPS_SHOULDER_53_FEMALE_Xiaomi_2109119DG.csv","baby steps","shoulder","53","female","xiaomi 2109119dg",39
2025-10-02T07:53:54.624Z,"2c18814d-cbaa-44e5-99ac-baa33ee20831_1759165536471_IRREGULAR_STEPS_SHOULDER_53_FEMALE_Xiaomi_2109119DG.csv","irregular steps","shoulder","53","female","xiaomi 2109119dg",3
2025-10-02T07:54:52.296Z,"2c18814d-cbaa-44e5-99ac-baa33ee20831_1759165587864_UPHILL_WALKING_SHOULDER_53_FEMALE_Xiaomi_2109119DG.csv","uphill walking","shoulder","53","female","xiaomi 2109119dg",38
2025-10-02T07:55:33.528Z,"2c18814d-cbaa-44e5-99ac-baa33ee20831_1759165628313_DOWNHILL_WALKING_SHOULDER_53_FEMALE_Xiaomi_2109119DG.csv","downhill walking","shoulder","53","female","xiaomi 2109119dg",43
2025-10-02T07:56:20.761Z,"587653e9-8e31-40b0-8606-29dff39d2ad4_1759164075137_PLAIN_WALKING_HAND_22_MALE_samsung_SM-G770F.csv","plain walking","hand","22","male","samsung sm-g770f",49
2025-10-02T07:56:56.308Z,"587653e9-8e31-40b0-8606-29dff39d2ad4_1759164127261_RUNNING_HAND_22_MALE_samsung_SM-G770F.csv","running","hand","22","male","samsung sm-g770f",52
2025-10-02T07:57:39.596Z,"587653e9-8e31-40b0-8606-29dff39d2ad4_1759164162421_IRREGULAR_STEPS_HAND_22_MALE_samsung_SM-G770F.csv","irregular steps","hand","22","male","samsung sm-g770f",42
2025-10-02T07:58:23.697Z,"587653e9-8e31-40b0-8606-29dff39d2ad4_1759164203635_BABY_STEPS_HAND_22_MALE_samsung_SM-G770F.csv","baby steps","hand","22","male","samsung sm-g770f",53
2025-10-02T07:59:07.190Z,"587653e9-8e31-40b0-8606-29dff39d2ad4_1759164314357_UPHILL_WALKING_HAND_22_MALE_samsung_SM-G770F.csv","uphill walking","hand","22","male","samsung sm-g770f",50
2025-10-02T07:59:51.166Z,"587653e9-8e31-40b0-8606-29dff39d2ad4_1759164352605_DOWNHILL_WALKING_HAND_22_MALE_samsung_SM-G770F.csv","downhill walking","hand","22","male","samsung sm-g770f",47
2025-10-02T08:00:48.023Z,"587653e9-8e31-40b0-8606-29dff39d2ad4_1759164473091_PLAIN_WALKING_POCKET_22_MALE_samsung_SM-G770F.csv","plain walking","pocket","22","male","samsung sm-g770f",60
2025-10-02T08:01:29.047Z,"587653e9-8e31-40b0-8606-29dff39d2ad4_1759164522285_RUNNING_POCKET_22_MALE_samsung_SM-G770F.csv","running","pocket","22","male","samsung sm-g770f",57
2025-10-02T08:02:14.188Z,"587653e9-8e31-40b0-8606-29dff39d2ad4_1759164557870_IRREGULAR_STEPS_POCKET_22_MALE_samsung_SM-G770F.csv","irregular steps","pocket","22","male","samsung sm-g770f",56
2025-10-02T08:03:04.049Z,"587653e9-8e31-40b0-8606-29dff39d2ad4_1759164597645_BABY_STEPS_POCKET_22_MALE_samsung_SM-G770F.csv","baby steps","pocket","22","male","samsung sm-g770f",55
2025-10-02T08:03:50.556Z,"587653e9-8e31-40b0-8606-29dff39d2ad4_1759164692581_UPHILL_WALKING_POCKET_22_MALE_samsung_SM-G770F.csv","uphill walking","pocket","22","male","samsung sm-g770f",52
2025-10-02T08:04:36.448Z,"587653e9-8e31-40b0-8606-29dff39d2ad4_1759164733104_DOWNHILL_WALKING_POCKET_22_MALE_samsung_SM-G770F.csv","downhill walking","pocket","22","male","samsung sm-g770f",56
2025-10-02T08:05:19.876Z,"587653e9-8e31-40b0-8606-29dff39d2ad4_1759164943734_UPHILL_WALKING_SHOULDER_22_MALE_samsung_SM-G770F.csv","uphill walking","shoulder","22","male","samsung sm-g770f",43
2025-10-02T08:06:05.655Z,"587653e9-8e31-40b0-8606-29dff39d2ad4_1759164982624_DOWNHILL_WALKING_SHOULDER_22_MALE_samsung_SM-G770F.csv","downhill walking","shoulder","22","male","samsung sm-g770f",48
2025-10-02T08:06:49.863Z,"587653e9-8e31-40b0-8606-29dff39d2ad4_1759165024144_PLAIN_WALKING_SHOULDER_22_MALE_samsung_SM-G770F.csv","plain walking","shoulder","22","male","samsung sm-g770f",50
2025-10-02T08:07:32.014Z,"587653e9-8e31-40b0-8606-29dff39d2ad4_1759165082351_RUNNING_SHOULDER_22_MALE_samsung_SM-G770F.csv","running","shoulder","22","male","samsung sm-g770f",55
2025-10-02T08:08:17.357Z,"587653e9-8e31-40b0-8606-29dff39d2ad4_1759165125230_IRREGULAR_STEPS_SHOULDER_22_MALE_samsung_SM-G770F.csv","irregular steps","shoulder","22","male","samsung sm-g770f",52
2025-10-02T08:09:04.235Z,"587653e9-8e31-40b0-8606-29dff39d2ad4_1759165165866_BABY_STEPS_SHOULDER_22_MALE_samsung_SM-G770F.csv","baby steps","shoulder","22","male","samsung sm-g770f",49
2025-10-02T08:09:59.530Z,"587653e9-8e31-40b0-8606-29dff39d2ad4_1759165324830_PLAIN_WALKING_HAND_22_MALE_samsung_SM-G770F.csv","plain walking","hand","22","male","samsung sm-g770f",49
2025-10-02T08:10:43.296Z,"587653e9-8e31-40b0-8606-29dff39d2ad4_1759165380657_RUNNING_HAND_22_MALE_samsung_SM-G770F.csv","running","hand","22","male","samsung sm-g770f",58
2025-10-02T08:11:31.820Z,"587653e9-8e31-40b0-8606-29dff39d2ad4_1759165416061_BABY_STEPS_HAND_22_MALE_samsung_SM-G770F.csv","baby steps","hand","22","male","samsung sm-g770f",55
2025-10-02T08:12:40.646Z,"587653e9-8e31-40b0-8606-29dff39d2ad4_1759165493895_IRREGULAR_STEPS_HAND_22_MALE_samsung_SM-G770F.csv","irregular steps","hand","22","male","samsung sm-g770f",73
2025-10-02T08:13:29.236Z,"587653e9-8e31-40b0-8606-29dff39d2ad4_1759165585555_UPHILL_WALKING_HAND_22_MALE_samsung_SM-G770F.csv","uphill walking","hand","22","male","samsung sm-g770f",42
2025-10-02T08:14:13.855Z,"587653e9-8e31-40b0-8606-29dff39d2ad4_1759165628857_DOWNHILL_WALKING_HAND_22_MALE_samsung_SM-G770F.csv","downhill walking","hand","22","male","samsung sm-g770f",49
2025-10-02T08:15:12.323Z,"587653e9-8e31-40b0-8606-29dff39d2ad4_1759165680114_PLAIN_WALKING_POCKET_22_MALE_samsung_SM-G770F.csv","plain walking","pocket","22","male","samsung sm-g770f",59
2025-10-02T08:15:59.866Z,"587653e9-8e31-40b0-8606-29dff39d2ad4_1759165736088_RUNNING_POCKET_22_MALE_samsung_SM-G770F.csv","running","pocket","22","male","samsung sm-g770f",40
2025-10-02T08:16:48.351Z,"587653e9-8e31-40b0-8606-29dff39d2ad4_1759165775804_BABY_STEPS_POCKET_22_MALE_samsung_SM-G770F.csv","baby steps","pocket","22","male","samsung sm-g770f",42
2025-10-02T08:18:11.930Z,"587653e9-8e31-40b0-8606-29dff39d2ad4_1759165821155_IRREGULAR_STEPS_POCKET_22_MALE_samsung_SM-G770F.csv","irregular steps","pocket","22","male","samsung sm-g770f",66
2025-10-02T08:19:04.162Z,"587653e9-8e31-40b0-8606-29dff39d2ad4_1759165946613_UPHILL_WALKING_POCKET_22_MALE_samsung_SM-G770F.csv","uphill walking","pocket","22","male","samsung sm-g770f",57
2025-10-02T08:19:56.419Z,"587653e9-8e31-40b0-8606-29dff39d2ad4_1759165987955_DOWNHILL_WALKING_POCKET_22_MALE_samsung_SM-G770F.csv","downhill walking","pocket","22","male","samsung sm-g770f",51
2025-10-02T08:20:54.417Z,"587653e9-8e31-40b0-8606-29dff39d2ad4_1759166100504_PLAIN_WALKING_SHOULDER_22_MALE_samsung_SM-G770F.csv","plain walking","shoulder","22","male","samsung sm-g770f",47
2025-10-02T08:21:35.943Z,"587653e9-8e31-40b0-8606-29dff39d2ad4_1759166190892_RUNNING_SHOULDER_22_MALE_samsung_SM-G770F.csv","running","shoulder","22","male","samsung sm-g770f",0
2025-10-02T08:22:45.407Z,"587653e9-8e31-40b0-8606-29dff39d2ad4_1759166210008_IRREGULAR_STEPS_SHOULDER_22_MALE_samsung_SM-G770F.csv","irregular steps","shoulder","22","male","samsung sm-g770f",47
2025-10-02T08:23:28.338Z,"587653e9-8e31-40b0-8606-29dff39d2ad4_1759166275379_BABY_STEPS_SHOULDER_22_MALE_samsung_SM-G770F.csv","baby steps","shoulder","22","male","samsung sm-g770f",33
2025-10-02T08:24:13.098Z,"587653e9-8e31-40b0-8606-29dff39d2ad4_1759166330355_UPHILL_WALKING_SHOULDER_22_MALE_samsung_SM-G770F.csv","uphill walking","shoulder","22","male","samsung sm-g770f",45
2025-10-02T08:25:52.039Z,"587653e9-8e31-40b0-8606-29dff39d2ad4_1759166373332_DOWNHILL_WALKING_SHOULDER_22_MALE_samsung_SM-G770F.csv","downhill walking","shoulder","22","male","samsung sm-g770f",30
2025-10-02T08:26:25.090Z,"8ee79ff2-40f6-4c76-9f3a-242201be1d15_1759164056277_PLAIN_WALKING_HAND_21_MALE_OPPO_CPH2219.csv","plain walking","hand","21","male","oppo cph2219",0
2025-10-02T08:27:16.877Z,"8ee79ff2-40f6-4c76-9f3a-242201be1d15_1759164073833_PLAIN_WALKING_HAND_21_MALE_OPPO_CPH2219.csv","plain walking","hand","21","male","oppo cph2219",44
2025-10-02T08:27:53.343Z,"8ee79ff2-40f6-4c76-9f3a-242201be1d15_1759164124100_RUNNING_HAND_21_MALE_OPPO_CPH2219.csv","running","hand","21","male","oppo cph2219",49
2025-10-02T08:28:39.747Z,"8ee79ff2-40f6-4c76-9f3a-242201be1d15_1759164157892_IRREGULAR_STEPS_HAND_21_MALE_OPPO_CPH2219.csv","irregular steps","hand","21","male","oppo cph2219",55
2025-10-02T08:29:23.710Z,"8ee79ff2-40f6-4c76-9f3a-242201be1d15_1759164202833_BABY_STEPS_HAND_21_MALE_OPPO_CPH2219.csv","baby steps","hand","21","male","oppo cph2219",47
2025-10-02T08:30:11.428Z,"8ee79ff2-40f6-4c76-9f3a-242201be1d15_1759164296271_UPHILL_WALKING_HAND_21_MALE_OPPO_CPH2219.csv","uphill walking","hand","21","male","oppo cph2219",49
2025-10-02T08:30:55.660Z,"8ee79ff2-40f6-4c76-9f3a-242201be1d15_1759164336815_DOWNHILL_WALKING_HAND_21_MALE_OPPO_CPH2219.csv","downhill walking","hand","21","male","oppo cph2219",49
2025-10-02T08:31:55.182Z,"8ee79ff2-40f6-4c76-9f3a-242201be1d15_1759164469268_PLAIN_WALKING_SHOULDER_21_MALE_OPPO_CPH2219.csv","plain walking","shoulder","21","male","oppo cph2219",51
2025-10-02T08:32:33.509Z,"8ee79ff2-40f6-4c76-9f3a-242201be1d15_1759164524910_RUNNING_SHOULDER_21_MALE_OPPO_CPH2219.csv","running","shoulder","21","male","oppo cph2219",50
2025-10-02T08:33:24.108Z,"8ee79ff2-40f6-4c76-9f3a-242201be1d15_1759164558647_IRREGULAR_STEPS_SHOULDER_21_MALE_OPPO_CPH2219.csv","irregular steps","shoulder","21","male","oppo cph2219",49
2025-10-02T08:34:14.242Z,"8ee79ff2-40f6-4c76-9f3a-242201be1d15_1759164604445_BABY_STEPS_SHOULDER_21_MALE_OPPO_CPH2219.csv","baby steps","shoulder","21","male","oppo cph2219",50
2025-10-02T08:35:05.476Z,"8ee79ff2-40f6-4c76-9f3a-242201be1d15_1759164647078_UPHILL_WALKING_SHOULDER_21_MALE_OPPO_CPH2219.csv","uphill walking","shoulder","21","male","oppo cph2219",49
2025-10-02T08:35:55.871Z,"8ee79ff2-40f6-4c76-9f3a-242201be1d15_1759164691868_DOWNHILL_WALKING_SHOULDER_21_MALE_OPPO_CPH2219.csv","downhill walking","shoulder","21","male","oppo cph2219",43
2025-10-02T08:36:53.509Z,"8ee79ff2-40f6-4c76-9f3a-242201be1d15_1759164748169_PLAIN_WALKING_POCKET_21_MALE_OPPO_CPH2219.csv","plain walking","pocket","21","male","oppo cph2219",62
2025-10-02T08:37:33.736Z,"8ee79ff2-40f6-4c76-9f3a-242201be1d15_1759164791624_RUNNING_POCKET_21_MALE_OPPO_CPH2219.csv","running","pocket","21","male","oppo cph2219",54
2025-10-02T08:38:25.213Z,"8ee79ff2-40f6-4c76-9f3a-242201be1d15_1759164822939_IRREGULAR_STEPS_POCKET_21_MALE_OPPO_CPH2219.csv","irregular steps","pocket","21","male","oppo cph2219",62
2025-10-02T08:39:15.223Z,"8ee79ff2-40f6-4c76-9f3a-242201be1d15_1759164882648_BABY_STEPS_POCKET_21_MALE_OPPO_CPH2219.csv","baby steps","pocket","21","male","oppo cph2219",55
2025-10-02T08:39:59.261Z,"8ee79ff2-40f6-4c76-9f3a-242201be1d15_1759164925983_UPHILL_WALKING_POCKET_21_MALE_OPPO_CPH2219.csv","uphill walking","pocket","21","male","oppo cph2219",51
2025-10-02T08:40:37.758Z,"8ee79ff2-40f6-4c76-9f3a-242201be1d15_1759164961704_DOWNHILL_WALKING_POCKET_21_MALE_OPPO_CPH2219.csv","downhill walking","pocket","21","male","oppo cph2219",47
2025-10-02T08:41:21.668Z,"8ee79ff2-40f6-4c76-9f3a-242201be1d15_1759165041708_DOWNHILL_WALKING_SHOULDER_23_MALE_OPPO_CPH2219.csv","downhill walking","shoulder","23","male","oppo cph2219",50
2025-10-02T08:42:03.457Z,"8ee79ff2-40f6-4c76-9f3a-242201be1d15_1759165086039_PLAIN_WALKING_HAND_23_MALE_OPPO_CPH2219.csv","plain walking","hand","23","male","oppo cph2219",47
2025-10-02T08:42:58.895Z,"8ee79ff2-40f6-4c76-9f3a-242201be1d15_1759165160086_IRREGULAR_STEPS_HAND_23_MALE_OPPO_CPH2219.csv","irregular steps","hand","23","male","oppo cph2219",50
2025-10-02T08:43:33.937Z,"8ee79ff2-40f6-4c76-9f3a-242201be1d15_1759165202961_RUNNING_HAND_23_MALE_OPPO_CPH2219.csv","running","hand","23","male","oppo cph2219",50
2025-10-02T08:44:22.732Z,"8ee79ff2-40f6-4c76-9f3a-242201be1d15_1759165228892_BABY_STEPS_HAND_23_MALE_OPPO_CPH2219.csv","baby steps","hand","23","male","oppo cph2219",47
2025-10-02T08:45:08.267Z,"8ee79ff2-40f6-4c76-9f3a-242201be1d15_1759165280830_UPHILL_WALKING_HAND_23_MALE_OPPO_CPH2219.csv","uphill walking","hand","23","male","oppo cph2219",46
2025-10-02T08:45:49.719Z,"8ee79ff2-40f6-4c76-9f3a-242201be1d15_1759165313320_DOWNHILL_WALKING_HAND_23_MALE_OPPO_CPH2219.csv","downhill walking","hand","23","male","oppo cph2219",37
2025-10-02T08:46:40.055Z,"8ee79ff2-40f6-4c76-9f3a-242201be1d15_1759165347169_PLAIN_WALKING_POCKET_23_MALE_OPPO_CPH2219.csv","plain walking","pocket","23","male","oppo cph2219",55
2025-10-02T08:47:20.426Z,"8ee79ff2-40f6-4c76-9f3a-242201be1d15_1759165387536_RUNNING_POCKET_23_MALE_OPPO_CPH2219.csv","running","pocket","23","male","oppo cph2219",54
2025-10-02T08:48:10.184Z,"8ee79ff2-40f6-4c76-9f3a-242201be1d15_1759165415439_IRREGULAR_STEPS_POCKET_23_MALE_OPPO_CPH2219.csv","irregular steps","pocket","23","male","oppo cph2219",59
2025-10-02T08:50:02.116Z,"8ee79ff2-40f6-4c76-9f3a-242201be1d15_1759165519322_BABY_STEPS_POCKET_23_MALE_OPPO_CPH2219.csv","baby steps","pocket","23","male","oppo cph2219",100
2025-10-02T08:51:38.444Z,"8ee79ff2-40f6-4c76-9f3a-242201be1d15_1759165561495_UPHILL_WALKING_POCKET_23_MALE_OPPO_CPH2219.csv","uphill walking","pocket","23","male","oppo cph2219",49
2025-10-02T08:52:24.005Z,"8ee79ff2-40f6-4c76-9f3a-242201be1d15_1759165594827_DOWNHILL_WALKING_POCKET_23_MALE_OPPO_CPH2219.csv","downhill walking","pocket","23","male","oppo cph2219",52
2025-10-02T08:53:17.157Z,"8ee79ff2-40f6-4c76-9f3a-242201be1d15_1759165785567_PLAIN_WALKING_SHOULDER_23_MALE_OPPO_CPH2219.csv","plain walking","shoulder","23","male","oppo cph2219",47
2025-10-02T08:53:57.069Z,"8ee79ff2-40f6-4c76-9f3a-242201be1d15_1759165820791_RUNNING_SHOULDER_23_MALE_OPPO_CPH2219.csv","running","shoulder","23","male","oppo cph2219",51
2025-10-02T08:54:51.920Z,"8ee79ff2-40f6-4c76-9f3a-242201be1d15_1759165852537_IRREGULAR_STEPS_SHOULDER_23_MALE_OPPO_CPH2219.csv","irregular steps","shoulder","23","male","oppo cph2219",53
2025-10-02T08:55:35.551Z,"8ee79ff2-40f6-4c76-9f3a-242201be1d15_1759165895565_BABY_STEPS_SHOULDER_23_MALE_OPPO_CPH2219.csv","baby steps","shoulder","23","male","oppo cph2219",47
2025-10-02T08:56:20.177Z,"8ee79ff2-40f6-4c76-9f3a-242201be1d15_1759165931770_UPHILL_WALKING_SHOULDER_23_MALE_OPPO_CPH2219.csv","uphill walking","shoulder","23","male","oppo cph2219",44
2025-10-02T08:57:04.699Z,"8ee79ff2-40f6-4c76-9f3a-242201be1d15_1759165965899_DOWNHILL_WALKING_SHOULDER_23_MALE_OPPO_CPH2219.csv","downhill walking","shoulder","23","male","oppo cph2219",42
